VehicleID,Time,Step,VehicleId,X,Y,Z,Angle,Speed
0,3.1,31,0,63.25,41.83,0,0,0
0,3.2,32,0,63.25,41.8587,0,0,0.286635
0,3.3,33,0,63.25,41.9152,0,0,0.565736
0,3.4,34,0,63.25,42.0016,0,0,0.863768
0,3.5,35,0,63.25,42.1151,0,0,1.13517
0,3.6,36,0,63.25,42.2544,0,0,1.39284
0,3.7,37,0,63.25,42.4233,0,0,1.68915
0,3.8,38,0,63.25,42.6149,0,0,1.91522
0,3.9,39,0,63.25,42.8336,0,0,2.18781
0,4,40,0,63.25,43.0756,0,0,2.41998
0,4.1,41,0,63.25,43.3375,0,0,2.61865
0,4.2,42,0,63.25,43.6293,0,0,2.91777
0,4.3,43,0,63.25,43.941,0,0,3.11682
0,4.4,44,0,63.25,44.2756,0,0,3.34689
0,4.5,45,0,63.25,44.6336,0,0,3.57907
0,4.6,46,0,63.25,45.013,0,0,3.79413
0,4.7,47,0,63.25,45.4184,0,0,4.05446
0,4.8,48,0,63.25,45.853,0,0,4.34542
0,4.9,49,0,63.25,46.3044,0,0,4.51408
0,5,50,0,63.25,46.7809,0,0,4.76578
0,5.1,51,0,63.25,47.2773,0,0,4.96324
0,5.2,52,0,63.25,47.8029,0,0,5.25631
0,5.3,53,0,63.25,48.3508,0,0,5.47937
0,5.4,54,0,63.25,48.9242,0,0,5.73331
0,5.5,55,0,63.25,49.518,0,0,5.93829
0,5.6,56,0,63.25,50.1277,0,0,6.09743
0,5.7,57,0,63.25,50.7551,0,0,6.27379
0,5.8,58,0,63.25,51.3992,0,0,6.44064
0,5.9,59,0,63.25,52.0673,0,0,6.68116
0,6,60,0,63.25,52.7572,0,0,6.89951
0,6.1,61,0,63.25,53.4736,0,0,7.164
0,6.2,62,0,63.25,54.2196,0,0,7.45914
0,6.3,63,0,63.25,54.9909,0,0,7.71387
0,6.4,64,0,63.25,55.7809,0,0,7.8992
0,6.5,65,0,63.25,56.5984,0,0,8.17533
0,6.6,66,0,63.25,57.4316,0,0,8.33184
0,6.7,67,0,63.25,58.2943,0,0,8.62737
0,6.8,68,0,63.25,59.1768,0,0,8.82461
0,6.9,69,0,63.25,60.0615,0,0,8.84706
0,7,70,0,63.25,60.9124,0,0,8.50872
0,7.1,71,0,63.25,61.7269,0,0,8.14495
0,7.2,72,0,63.25,62.5016,0,0,7.74793
0,7.3,73,0,63.25,63.233,0,0,7.31321
0,7.4,74,0,63.25,63.9412,0,0,7.08231
0,7.5,75,0,63.25,64.6163,0,0,6.7512
0,7.6,76,0,63.25,65.2594,0,0,6.43115
0,7.7,77,0,63.25,65.8643,0,0,6.04904
0,7.8,78,0,63.25,66.4431,0,0,5.7873
0,7.9,79,0,63.25,66.9828,0,0,5.39716
0,8,80,0,63.25,67.504,0,0,5.21232
0,8.1,81,0,63.25,67.9876,0,0,4.83588
0,8.2,82,0,63.25,68.4428,0,0,4.55231
0,8.3,83,0,63.25,68.8731,0,0,4.30243
0,8.4,84,0,63.25,69.2762,0,0,4.03121
0,8.5,85,0,63.25,69.6505,0,0,3.74274
0,8.6,86,0,63.25,70.001,0,0,3.50509
0,8.7,87,0,63.25,70.3815,0,0,3.80509
0,8.8,88,0,63.25,70.792,0,0,4.10509
0,8.9,89,0,63.25,71.2325,0,0,4.40509
0,9,90,0,63.25,71.703,0,0,4.70509
0,9.1,91,0,63.25,72.2035,0,0,5.00509
0,9.2,92,0,63.25,72.734,0,0,5.30509
0,9.3,93,0,63.25,73.2945,0,0,5.60509
0,9.4,94,0,63.25,73.8851,0,0,5.90509
0,9.5,95,0,63.2252,74.5034,0,359.716,6.20091
0,9.6,96,0,63.1339,75.1429,0,358.667,6.45909
0,9.7,97,0,63.0394,75.804,0,357.581,6.67707
0,9.8,98,0,62.9427,76.481,0,356.468,6.83786
0,9.9,99,0,62.8419,77.1868,0,355.307,7.12781
0,10,100,0,62.7372,77.9195,0,354.102,7.40096
0,10.1,101,0,62.4467,78.6021,0,350.674,7.55212
0,10.2,102,0,62.0451,79.2715,0,346.115,7.80504
0,10.3,103,0,61.6307,79.9622,0,342.405,8.05419
0,10.4,104,0,61.2014,80.6776,0,338.546,8.34129
0,10.5,105,0,60.5825,81.2105,0,331.733,8.39475
0,10.6,106,0,59.8579,81.6453,0,323.124,8.44874
0,10.7,107,0,59.1329,82.0802,0,316.516,8.45272
0,10.8,108,0,58.4063,82.5162,0,311.666,8.47279
0,10.9,109,0,57.5843,82.6822,0,303.618,8.46782
0,11,110,0,56.7554,82.8007,0,295.131,8.37154
0,11.1,111,0,55.9211,82.9198,0,289.997,8.42704
0,11.2,112,0,55.0858,83.0392,0,286.097,8.43631
0,11.3,113,0,54.2473,83.13,0,281.893,8.44796
0,11.4,114,0,53.3827,83.13,0,276.594,8.64616
0,11.5,115,0,52.4945,83.13,0,274.952,8.88268
0,11.6,116,0,51.5854,83.13,0,273.472,9.09041
0,11.7,117,0,50.6522,83.13,0,271.952,9.33195
0,11.8,118,0,49.6967,83.13,0,270.4,9.55503
0,11.9,119,0,48.7236,83.13,0,270,9.7312
0,12,120,0,47.7293,83.13,0,270,9.94344
0,12.1,121,0,46.7112,83.13,0,270,10.1809
0,12.2,122,0,45.6686,83.13,0,270,10.4261
0,12.3,123,0,44.6106,83.13,0,270,10.5796
0,12.4,124,0,43.523,83.13,0,270,10.876
0,12.5,125,0,42.4099,83.13,0,270,11.1306
0,12.6,126,0,41.2685,83.13,0,270,11.4149
0,12.7,127,0,40.1101,83.13,0,270,11.5835
0,12.8,128,0,38.9311,83.13,0,270,11.7898
0,12.9,129,0,37.736,83.13,0,270,11.951
0,13,130,0,36.5183,83.13,0,270,12.1771
0,13.1,131,0,35.277,83.13,0,270,12.4134
0,13.2,132,0,34.0163,83.13,0,270,12.6067
0,13.3,133,0,32.7325,83.13,0,270,12.8384
0,13.4,134,0,31.4317,83.13,0,270,13.0073
0,13.5,135,0,30.1096,83.13,0,270,13.2213
0,13.6,136,0,28.7721,83.13,0,270,13.3755
0,13.7,137,0,27.409,83.13,0,270,13.6311
0,13.8,138,0,26.022,83.13,0,270,13.8694
0,13.9,139,0,24.6102,83.13,0,270,14.118
0,14,140,0,23.1789,83.13,0,270,14.3131
0,14.1,141,0,21.7191,83.13,0,270,14.5978
0,14.2,142,0,20.2538,83.13,0,270,14.6531
0,14.3,143,0,18.7914,83.13,0,270,14.6238
0,14.4,144,0,17.3308,83.13,0,270,14.6059
0,14.5,145,0,15.8627,83.13,0,270,14.6809
0,14.6,146,0,14.4546,83.13,0,270,14.0809
0,14.7,147,0,13.0995,83.13,0,270,13.5519
0,14.8,148,0,11.8043,83.13,0,270,12.9519
0,14.9,149,0,10.569,83.13,0,270,12.3531
0,15,150,0,9.39365,83.13,0,270,11.7531
0,15.1,151,0,8.27834,83.13,0,270,11.1531
0,15.2,152,0,7.22303,83.13,0,270,10.5531
0,15.3,153,0,6.22483,83.13,0,270,9.982
0,15.4,154,0,5.28663,83.13,0,270,9.382
0,15.5,155,0,4.40843,83.13,0,270,8.782
0,15.6,156,0,3.59023,83.13,0,270,8.182
0,15.7,157,0,2.83203,83.13,0,270,7.582
0,15.8,158,0,2.1323,83.13,0,270,6.9973
0,15.9,159,0,1.49951,83.0395,0,268.962,6.3973
0,16,160,0,0.867163,82.9487,0,267.918,6.39298
0,16.1,161,0,0.239549,82.8586,0,266.881,6.34517
0,16.2,162,0,-0.333814,82.6057,0,263.911,6.38003
0,16.3,163,0,-0.878459,82.2789,0,259.994,6.3563
0,16.4,164,0,-1.42711,81.9497,0,255.995,6.40307
0,16.5,165,0,-1.77019,81.4165,0,248.88,6.38774
0,16.6,166,0,-2.09787,80.874,0,241.508,6.34254
0,16.7,167,0,-2.3788,80.3133,0,234.358,6.35576
0,16.8,168,0,-2.47202,79.6847,0,224.969,6.35866
0,16.9,169,0,-2.56628,79.0493,0,215.486,6.42923
0,17,170,0,-2.65889,78.4249,0,208.503,6.31618
0,17.1,171,0,-2.67188,77.791,0,201.096,6.34849
0,17.2,172,0,-2.67408,77.1384,0,193.986,6.52533
0,17.3,173,0,-2.67632,76.4701,0,189.818,6.68361
0,17.4,174,0,-2.67865,75.7799,0,185.58,6.90123
0,17.5,175,0,-2.68107,75.06,0,183.009,7.19903
0,17.6,176,0,-2.68354,74.3248,0,181.796,7.35189
0,17.7,177,0,-2.68607,73.573,0,180.559,7.51881
0,17.8,178,0,-2.68867,72.7983,0,180.193,7.7464
0,17.9,179,0,-2.69134,72.0072,0,180.193,7.9109
0,18,180,0,-2.69409,71.1887,0,180.193,8.18577
0,18.1,181,0,-2.69693,70.3453,0,180.193,8.4339
0,18.2,182,0,-2.69982,69.4838,0,180.193,8.61421
0,18.3,183,0,-2.7028,68.5995,0,180.193,8.84366
0,18.4,184,0,-2.70586,67.6902,0,180.193,9.09283
0,18.5,185,0,-2.70902,66.7509,0,180.193,9.39271
0,18.6,186,0,-2.71224,65.7915,0,180.193,9.59391
0,18.7,187,0,-2.71553,64.8159,0,180.193,9.75612
0,18.8,188,0,-2.71891,63.8105,0,180.193,10.0544
0,18.9,189,0,-2.72237,62.7823,0,180.193,10.2814
0,19,190,0,-2.72588,61.7378,0,180.193,10.445
0,19.1,191,0,-2.72947,60.6695,0,180.193,10.6833
0,19.2,192,0,-2.73316,59.5729,0,180.193,10.9661
0,19.3,193,0,-2.73691,58.4591,0,180.193,11.1384
0,19.4,194,0,-2.74071,57.3275,0,180.193,11.3155
0,19.5,195,0,-2.7446,56.1719,0,180.193,11.5565
0,19.6,196,0,-2.74854,55.0012,0,180.193,11.707
0,19.7,197,0,-2.75255,53.8078,0,180.193,11.9339
0,19.8,198,0,-2.75662,52.5984,0,180.193,12.0934
0,19.9,199,0,-2.76075,51.3709,0,180.193,12.2758
0,20,200,0,-2.76496,50.1202,0,180.193,12.5064
0,20.1,201,0,-2.76922,48.8522,0,180.193,12.6798
2,20.1,201,2,77.6536,94.5303,0,235.356,0
0,20.2,202,0,-2.77357,47.5592,0,180.193,12.9299
2,20.2,202,2,77.6292,94.5134,0,235.356,0.296887
0,20.3,203,0,-2.77789,46.2771,0,180.193,12.8218
2,20.3,203,2,77.5812,94.4802,0,235.356,0.583561
0,20.4,204,0,-2.782,45.0549,0,180.193,12.2218
2,20.4,204,2,77.5111,94.4318,0,235.356,0.851614
0,20.5,205,0,-2.78591,43.8927,0,180.193,11.6218
2,20.5,205,2,77.4181,94.3675,0,235.356,1.13051
0,20.6,206,0,-2.78961,42.7905,0,180.193,11.0218
2,20.6,206,2,77.3013,94.2869,0,235.356,1.41924
0,20.7,207,0,-2.79312,41.7484,0,180.193,10.4218
2,20.7,207,2,77.1607,94.1897,0,235.356,1.7081
0,20.8,208,0,-2.79642,40.7662,0,180.193,9.82177
2,20.8,208,2,76.9965,94.0762,0,235.356,1.99659
0,20.9,209,0,-2.79954,39.8404,0,180.193,9.25772
2,20.9,209,2,76.8096,93.9471,0,235.356,2.27064
0,21,210,0,-2.80245,38.9746,0,180.193,8.65772
2,21,210,2,76.6002,93.8024,0,235.356,2.54554
0,21.1,211,0,-2.80516,38.1689,0,180.193,8.05772
2,21.1,211,2,76.3698,93.6432,0,235.356,2.79989
0,21.2,212,0,-2.80767,37.4231,0,180.193,7.45772
2,21.2,212,2,76.1252,93.4742,0,235.356,2.97227
0,21.3,213,0,-2.80998,36.737,0,180.193,6.86112
2,21.3,213,2,75.8583,93.2898,0,235.356,3.24369
0,21.4,214,0,-2.72361,36.1014,0,179.178,6.4089
2,21.4,214,2,75.5784,93.0963,0,235.356,3.40259
0,21.5,215,0,-2.63766,35.4761,0,178.166,6.30696
2,21.5,215,2,75.2764,92.8877,0,235.356,3.66949
0,21.6,216,0,-2.55145,34.8488,0,177.15,6.32571
2,21.6,216,2,74.9568,92.6668,0,235.356,3.88421
0,21.7,217,0,-2.30866,34.2654,0,174.282,6.43198
2,21.7,217,2,74.6175,92.4324,0,235.356,4.12371
0,21.8,218,0,-1.97868,33.7118,0,170.312,6.43947
2,21.8,218,2,74.2605,92.1857,0,235.356,4.33827
0,21.9,219,0,-1.65412,33.1673,0,166.355,6.3335
2,21.9,219,2,73.8881,91.9284,0,235.356,4.52584
0,22,220,0,-1.12471,32.8148,0,159.299,6.42675
2,22,220,2,73.4993,91.6597,0,235.356,4.72592
0,22.1,221,0,-0.570715,32.4846,0,151.754,6.44356
2,22.1,221,2,73.0914,91.3778,0,235.356,4.95756
0,22.2,222,0,-0.00366044,32.1948,0,144.515,6.4319
2,22.2,222,2,72.666,91.0839,0,235.356,5.16929
0,22.3,223,0,0.623112,32.1053,0,135.096,6.32574
2,22.3,223,2,72.2213,90.7766,0,235.356,5.40475
0,22.4,224,0,1.25268,32.0153,0,125.639,6.35398
2,22.4,224,2,71.761,90.4585,0,235.356,5.5939
0,22.5,225,0,1.87664,31.9262,0,118.56,6.29732
2,22.5,225,2,71.2784,90.1251,0,235.356,5.86531
0,22.6,226,0,2.51841,31.9102,0,111.071,6.42821
2,22.6,226,2,70.776,89.7779,0,235.356,6.10614
0,22.7,227,0,3.19106,31.9104,0,103.74,6.72647
2,22.7,227,2,70.2554,89.4182,0,235.356,6.3269
0,22.8,228,0,3.89025,31.9107,0,99.399,6.99191
2,22.8,228,2,69.7173,89.0463,0,235.356,6.54002
0,22.9,229,0,4.60531,31.9109,0,95.0289,7.1506
2,22.9,229,2,69.1612,88.6621,0,235.356,6.75816
0,23,230,0,5.34704,31.9112,0,92.6574,7.41731
2,23,230,2,68.5916,88.2685,0,235.356,6.92244
0,23.1,231,0,6.11531,31.9115,0,91.404,7.68267
2,23.1,231,2,68.0086,87.8656,0,235.356,7.08509
0,23.2,232,0,6.90837,31.9117,0,90.1125,7.93066
2,23.2,232,2,67.4033,87.4474,0,235.356,7.35689
0,23.3,233,0,7.72473,31.912,0,89.9797,8.16361
2,23.3,233,2,66.7765,87.0143,0,235.356,7.61725
0,23.4,234,0,8.55968,31.9123,0,89.9797,8.34946
2,23.4,234,2,66.1288,86.5667,0,235.356,7.87189
0,23.5,235,0,9.41998,31.9126,0,89.9797,8.60298
2,23.5,235,2,65.4666,86.1091,0,235.356,8.04766
0,23.6,236,0,10.3048,31.9129,0,89.9797,8.84815
2,23.6,236,2,64.766,85.6822,0,235.895,8.20704
0,23.7,237,0,11.2194,31.9133,0,89.9797,9.14616
2,23.7,237,2,64.04,85.245,0,236.503,8.47528
0,23.8,238,0,12.1554,31.9136,0,89.9797,9.35983
2,23.8,238,2,63.289,84.7928,0,237.133,8.76794
0,23.9,239,0,13.1209,31.9139,0,89.9797,9.6551
2,23.9,239,2,62.4975,84.357,0,238.184,9.06321
0,24,240,0,14.1026,31.9143,0,89.9797,9.81736
2,24,240,2,61.621,84.037,0,240.902,9.33292
0,24.1,241,0,15.1092,31.9146,0,89.9797,10.0659
2,24.1,241,2,60.7203,83.7081,0,243.507,9.59021
0,24.2,242,0,16.1452,31.915,0,89.9797,10.36
2,24.2,242,2,59.7775,83.4743,0,246.848,9.77096
0,24.3,243,0,17.2031,31.9154,0,89.9797,10.5783
2,24.3,243,2,58.7884,83.3396,0,251.51,9.98342
0,24.4,244,0,18.2833,31.9158,0,89.9797,10.8022
2,24.4,244,2,57.7767,83.2018,0,256.109,10.212
0,24.5,245,0,19.3829,31.9162,0,89.9797,10.9966
2,24.5,245,2,56.7386,83.1724,0,259.948,10.3925
0,24.6,246,0,20.5054,31.9166,0,89.9797,11.2248
2,24.6,246,2,55.6754,83.1527,0,263.99,10.6348
0,24.7,247,0,21.6528,31.917,0,89.9797,11.4736
2,24.7,247,2,54.5956,83.1327,0,266.39,10.8016
0,24.8,248,0,22.8257,31.9174,0,89.9797,11.7295
2,24.8,248,2,53.4878,83.13,0,268.078,11.0786
0,24.9,249,0,24.0254,31.9178,0,89.9797,11.9971
2,24.9,249,2,52.3547,83.13,0,269.384,11.3307
0,25,250,0,25.2454,31.9182,0,89.9797,12.1992
2,25,250,2,51.1953,83.13,0,269.63,11.5945
0,25.1,251,0,26.4804,31.9187,0,89.9797,12.35
2,25.1,251,2,50.0192,83.13,0,269.879,11.7604
0,25.2,252,0,27.7355,31.9191,0,89.9797,12.5517
2,25.2,252,2,48.8139,83.13,0,270,12.0532
0,25.3,253,0,29.0069,31.9196,0,89.9797,12.7142
2,25.3,253,2,47.5897,83.13,0,270,12.2423
0,25.4,254,0,30.3082,31.92,0,89.9797,13.0125
2,25.4,254,2,46.3408,83.13,0,270,12.4887
0,25.5,255,0,31.6257,31.9205,0,89.9797,13.1746
2,25.5,255,2,45.0735,83.13,0,270,12.6726
0,25.6,256,0,32.962,31.921,0,89.9797,13.3636
2,25.6,256,2,43.7883,83.13,0,270,12.8528
0,25.7,257,0,34.328,31.9215,0,89.9797,13.6596
2,25.7,257,2,42.4936,83.13,0,270,12.9466
0,25.8,258,0,35.7169,31.9219,0,89.9797,13.8893
2,25.8,258,2,41.1962,83.13,0,270,12.9736
0,25.9,259,0,37.1331,31.9224,0,89.9797,14.1618
2,25.9,259,2,39.9009,83.13,0,270,12.9537
0,26,260,0,38.5666,31.923,0,89.9797,14.3353
2,26,260,2,38.6073,83.13,0,270,12.9356
0,26.1,261,0,40.0163,31.9235,0,89.9797,14.4964
2,26.1,261,2,37.3076,83.13,0,270,12.997
0,26.2,262,0,41.4751,31.924,0,89.9797,14.5886
2,26.2,262,2,36.0119,83.13,0,270,12.9571
0,26.3,263,0,42.9413,31.9245,0,89.9797,14.6621
2,26.3,263,2,34.7132,83.13,0,270,12.9876
0,26.4,264,0,44.4001,31.925,0,89.9797,14.5879
2,26.4,264,2,33.4242,83.13,0,270,12.8899
0,26.5,265,0,45.862,31.9255,0,89.9797,14.6191
2,26.5,265,2,32.1294,83.13,0,270,12.9475
0,26.6,266,0,47.3294,31.9261,0,89.9797,14.674
2,26.6,266,2,30.8407,83.13,0,270,12.8869
0,26.7,267,0,48.7881,31.9266,0,89.9797,14.587
2,26.7,267,2,29.5493,83.13,0,270,12.9146
0,26.8,268,0,50.2514,31.9271,0,89.9797,14.6324
2,26.8,268,2,28.2462,83.13,0,270,13.0306
0,26.9,269,0,51.7173,31.9276,0,89.9797,14.6589
2,26.9,269,2,26.9573,83.13,0,270,12.8894
0,27,270,0,53.1762,31.9281,0,89.9797,14.5895
2,27,270,2,25.6588,83.13,0,270,12.9848
0,27.1,271,0,54.6474,31.9287,0,89.9797,14.7113
2,27.1,271,2,24.3683,83.13,0,270,12.9052
0,27.2,272,0,56.1144,31.9292,0,89.9797,14.6707
2,27.2,272,2,23.0651,83.13,0,270,13.0319
0,27.3,273,0,57.5719,31.9297,0,89.9797,14.5748
2,27.3,273,2,21.7746,83.13,0,270,12.9048
2,27.4,274,2,20.4721,83.13,0,270,13.0245
2,27.5,275,2,19.1698,83.13,0,270,13.0236
2,27.6,276,2,17.8702,83.13,0,270,12.9957
2,27.7,277,2,16.5675,83.13,0,270,13.0266
2,27.8,278,2,15.2723,83.13,0,270,12.952
2,27.9,279,2,13.9793,83.13,0,270,12.9307
2,28,280,2,12.6994,83.13,0,270,12.7992
2,28.1,281,2,11.4794,83.13,0,270,12.1992
2,28.2,282,2,10.3123,83.13,0,270,11.6718
2,28.3,283,2,9.20507,83.13,0,270,11.0718
2,28.4,284,2,8.15789,83.13,0,270,10.4718
2,28.5,285,2,7.17071,83.13,0,270,9.87183
2,28.6,286,2,6.24352,83.13,0,270,9.27183
2,28.7,287,2,5.37634,83.13,0,270,8.67183
2,28.8,288,2,4.56915,83.13,0,270,8.07183
2,28.9,289,2,3.82197,83.13,0,270,7.47183
2,29,290,2,3.13372,83.13,0,270,6.88248
2,29.1,291,2,2.50548,83.13,0,270,6.28248
2,29.2,292,2,1.93932,83.1026,0,269.686,5.68248
2,29.3,293,2,1.37671,83.0219,0,268.759,5.68803
2,29.4,294,2,0.813667,82.9411,0,267.83,5.69234
2,29.5,295,2,0.250602,82.8602,0,266.899,5.69257
2,29.6,296,2,-0.263783,82.6477,0,264.409,5.67449
2,29.7,297,2,-0.741854,82.3609,0,260.982,5.57934
2,29.8,298,2,-1.22525,82.0709,0,257.47,5.64147
2,29.9,299,2,-1.60622,81.6879,0,252.557,5.5698
2,30,300,2,-1.89341,81.2125,0,246.07,5.55871
2,30.1,301,2,-2.18768,80.7253,0,239.697,5.69586
2,30.2,302,2,-2.3928,80.2189,0,232.967,5.57269
2,30.3,303,2,-2.47528,79.6628,0,224.639,5.62532
2,30.4,304,2,-2.55865,79.1007,0,216.241,5.68696
2,30.5,305,2,-2.64115,78.5445,0,209.759,5.62682
2,30.6,306,2,-2.67124,77.9817,0,203.338,5.65107
2,30.7,307,2,-2.6732,77.3994,0,196.581,5.82293
2,30.8,308,2,-2.67524,76.7911,0,191.815,6.08269
2,30.9,309,2,-2.67737,76.1593,0,187.899,6.31822
2,31,310,2,-2.67958,75.501,0,183.896,6.58266
2,31.1,311,2,-2.68189,74.8162,0,182.607,6.8485
2,31.2,312,2,-2.68424,74.1154,0,181.451,7.0082
2,31.3,313,2,-2.68665,73.3991,0,180.273,7.16257
2,31.4,314,2,-2.68913,72.6619,0,180.193,7.37207
2,31.5,315,2,-2.69167,71.9075,0,180.193,7.54366
2,31.6,316,2,-2.69426,71.138,0,180.193,7.69511
2,31.7,317,2,-2.69692,70.348,0,180.193,7.89978
2,31.8,318,2,-2.69965,69.5358,0,180.193,8.12219
2,31.9,319,2,-2.70245,68.7028,0,180.193,8.32978
2,32,320,2,-2.70535,67.8399,0,180.193,8.62901
2,32.1,321,2,-2.70833,66.9551,0,180.193,8.84797
2,32.2,322,2,-2.71136,66.0534,0,180.193,9.01728
2,32.3,323,2,-2.71446,65.1327,0,180.193,9.2074
2,32.4,324,2,-2.71764,64.1869,0,180.193,9.45803
2,32.5,325,2,-2.72088,63.2238,0,180.193,9.63126
2,32.6,326,2,-2.72421,62.2328,0,180.193,9.9093
2,32.7,327,2,-2.72762,61.2204,0,180.193,10.1238
2,32.8,328,2,-2.73113,60.1783,0,180.193,10.4216
2,32.9,329,2,-2.73473,59.1079,0,180.193,10.7037
2,33,330,2,-2.73839,58.019,0,180.193,10.8895
2,33.1,331,2,-2.74211,56.9122,0,180.193,11.0677
2,33.2,332,2,-2.74593,55.776,0,180.193,11.3617
2,33.3,333,2,-2.74985,54.6119,0,180.193,11.6408
2,33.4,334,2,-2.75386,53.4186,0,180.193,11.9329
2,33.5,335,2,-2.75793,52.2099,0,180.193,12.0872
2,33.6,336,2,-2.76205,50.9855,0,180.193,12.2446
2,33.7,337,2,-2.76624,49.7407,0,180.193,12.448
2,33.8,338,2,-2.77049,48.476,0,180.193,12.6469
2,33.9,339,2,-2.77479,47.1967,0,180.193,12.7923
2,34,340,2,-2.7789,45.9742,0,180.193,12.2256
2,34.1,341,2,-2.78283,44.8068,0,180.193,11.6735
2,34.2,342,2,-2.78656,43.6995,0,180.193,11.0735
2,34.3,343,2,-2.79008,42.6521,0,180.193,10.4735
2,34.4,344,2,-2.7934,41.6648,0,180.193,9.87351
2,34.5,345,2,-2.79652,40.7374,0,180.193,9.27351
2,34.6,346,2,-2.79944,39.8701,0,180.193,8.67351
2,34.7,347,2,-2.80215,39.0627,0,180.193,8.07351
2,34.8,348,2,-2.80467,38.3154,0,180.193,7.47351
2,34.9,349,2,-2.80698,37.6271,0,180.193,6.88238
2,35,350,2,-2.8091,36.9989,0,180.193,6.28238
2,35.1,351,2,-2.7692,36.4332,0,179.714,5.68238
2,35.2,352,2,-2.69348,35.8822,0,178.823,5.55609
2,35.3,353,2,-2.61591,35.3178,0,177.91,5.69252
2,35.4,354,2,-2.53869,34.756,0,177,5.66604
2,35.5,355,2,-2.29885,34.249,0,174.165,5.68694
2,35.6,356,2,-2.01364,33.7704,0,170.736,5.5658
2,35.7,357,2,-1.72848,33.292,0,167.264,5.5647
2,35.8,358,2,-1.31317,32.9271,0,161.863,5.68568
2,35.9,359,2,-0.830591,32.6395,0,155.229,5.61299
2,36,360,2,-0.342354,32.3485,0,148.946,5.67877
2,36.1,361,2,0.186494,32.1676,0,141.688,5.69493
2,36.2,362,2,0.747364,32.0875,0,133.213,5.66061
2,36.3,363,2,1.30057,32.0085,0,124.934,5.5833
2,36.4,364,2,1.86421,31.928,0,118.691,5.68853
2,36.5,365,2,2.42062,31.9102,0,112.225,5.57572
2,36.6,366,2,3.00392,31.9104,0,105.46,5.83307
2,36.7,367,2,3.61438,31.9106,0,101.106,6.10452
2,36.8,368,2,4.25113,31.9108,0,97.1816,6.36756
2,36.9,369,2,4.90355,31.911,0,93.3814,6.52422
2,37,370,2,5.57297,31.9113,0,92.2886,6.69416
2,37.1,371,2,6.25838,31.9115,0,91.1708,6.85415
2,37.2,372,2,6.96797,31.9118,0,90.0155,7.09584
2,37.3,373,2,7.69683,31.912,0,89.9797,7.28864
2,37.4,374,2,8.45069,31.9123,0,89.9797,7.53858
2,37.5,375,2,9.22068,31.9126,0,89.9797,7.69993
2,37.6,376,2,10.0076,31.9128,0,89.9797,7.86901
2,37.7,377,2,10.8145,31.9131,0,89.9797,8.06882
2,37.8,378,2,11.6451,31.9134,0,89.9797,8.30595
2,37.9,379,2,12.4918,31.9137,0,89.9797,8.46762
2,38,380,2,13.3602,31.914,0,89.9797,8.68334
2,38.1,381,2,14.244,31.9143,0,89.9797,8.83867
2,38.2,382,2,15.1567,31.9147,0,89.9797,9.12633
2,38.3,383,2,16.0964,31.915,0,89.9797,9.39718
2,38.4,384,2,17.0617,31.9153,0,89.9797,9.65362
2,38.5,385,2,18.0454,31.9157,0,89.9797,9.83658
2,38.6,386,2,19.0527,31.916,0,89.9797,10.0731
2,38.7,387,2,20.0753,31.9164,0,89.9797,10.2255
2,38.8,388,2,21.1243,31.9168,0,89.9797,10.4905
2,38.9,389,2,22.2009,31.9172,0,89.9797,10.7662
2,39,390,2,23.3009,31.9175,0,89.9797,10.9996
2,39.1,391,2,24.422,31.9179,0,89.9797,11.2113
2,39.2,392,2,25.5685,31.9184,0,89.9797,11.4651
2,39.3,393,2,26.7377,31.9188,0,89.9797,11.6919
2,39.4,394,2,27.9334,31.9192,0,89.9797,11.9572
2,39.5,395,2,29.147,31.9196,0,89.9797,12.136
2,39.6,396,2,30.3817,31.9201,0,89.9797,12.3469
2,39.7,397,2,31.6386,31.9205,0,89.9797,12.5687
2,39.8,398,2,32.9195,31.921,0,89.9797,12.8089
2,39.9,399,2,34.2098,31.9214,0,89.9797,12.9033
2,40,400,2,35.5001,31.9219,0,89.9797,12.9028
2,40.1,401,2,36.7983,31.9223,0,89.9797,12.9822
2,40.2,402,2,38.0906,31.9228,0,89.9797,12.9231
2,40.3,403,2,39.3863,31.9232,0,89.9797,12.9567
2,40.4,404,2,40.6866,31.9237,0,89.9797,13.0033
2,40.5,405,2,41.9896,31.9242,0,89.9797,13.0295
2,40.6,406,2,43.2804,31.9246,0,89.9797,12.9082
2,40.7,407,2,44.576,31.9251,0,89.9797,12.9564
2,40.8,408,2,45.8704,31.9255,0,89.9797,12.9438
2,40.9,409,2,47.1669,31.926,0,89.9797,12.965
2,41,410,2,48.4245,31.9264,0,89.9797,12.5762
2,41.1,411,2,49.6318,31.9269,0,89.9797,12.0732
2,41.2,412,2,50.7808,31.9273,0,89.9797,11.49
2,41.3,413,2,51.8698,31.9277,0,89.9797,10.89
2,41.4,414,2,52.8988,31.928,0,89.9797,10.29
2,41.5,415,2,53.8678,31.9284,0,89.9797,9.69
2,41.6,416,2,54.7768,31.9287,0,89.9797,9.09
2,41.7,417,2,55.6294,31.929,0,89.9797,8.52567
2,41.8,418,2,56.422,31.9293,0,89.9797,7.92567
2,41.9,419,2,57.1545,31.9295,0,89.9797,7.32567
2,42,420,2,57.8271,31.9298,0,89.9797,6.72567
2,42.1,421,2,58.4473,31.93,0,89.9797,6.20237
2,42.2,422,2,59.0021,32.0089,0,89.0773,5.60237
2,42.3,423,2,59.5539,32.0877,0,88.1737,5.57346
2,42.4,424,2,60.1177,32.1682,0,87.2495,5.69412
2,42.5,425,2,60.6631,32.2979,0,85.7472,5.68566
2,42.6,426,2,61.1437,32.5862,0,82.3328,5.60393
2,42.7,427,2,61.6212,32.8727,0,78.8843,5.56762
2,42.8,428,2,62.0789,33.1782,0,75.1316,5.56087
2,42.9,429,2,62.3661,33.6569,0,68.7088,5.58232
2,43,430,2,62.6543,34.1371,0,62.121,5.59945
2,43.1,431,2,62.9405,34.6142,0,56.2892,5.563
2,43.2,432,2,63.0281,35.1764,0,47.9773,5.70218
2,43.3,433,2,63.1074,35.732,0,39.5987,5.61221
2,43.4,434,2,63.1863,36.284,0,32.132,5.57466
2,43.5,435,2,63.25,36.8378,0,26.1282,5.5824
2,43.6,436,2,63.25,37.4113,0,19.3529,5.73526
2,43.7,437,2,63.25,38.0066,0,13.3172,5.9531
2,43.8,438,2,63.25,38.6263,0,9.45294,6.19657
2,43.9,439,2,63.25,39.2623,0,5.54318,6.3602
2,44,440,2,63.25,39.9278,0,2.92889,6.65557
2,44.1,441,2,63.25,40.613,0,1.81391,6.85134
2,44.2,442,2,63.25,41.325,0,0.656861,7.12074
2,44.3,443,2,63.25,42.0524,0,0,7.27346
2,44.4,444,2,63.25,42.8074,0,0,7.55001
2,44.5,445,2,63.25,43.58,0,0,7.72597
2,44.6,446,2,63.25,44.3726,0,0,7.92631
2,44.7,447,2,63.25,45.1821,0,0,8.09459
2,44.8,448,2,63.25,46.0191,0,0,8.37066
2,44.9,449,2,63.25,46.8785,0,0,8.59406
2,45,450,2,63.25,47.762,0,0,8.83434
2,45.1,451,2,63.25,48.6657,0,0,9.03698
2,45.2,452,2,63.25,49.586,0,0,9.20311
2,45.3,453,2,63.25,50.5358,0,0,9.49824
2,45.4,454,2,63.25,51.5153,0,0,9.79474
2,45.5,455,2,63.25,52.5228,0,0,10.0752
2,45.6,456,2,63.25,53.5583,0,0,10.3553
2,45.7,457,2,63.25,54.6131,0,0,10.5479
2,45.8,458,2,63.25,55.6866,0,0,10.7346
2,45.9,459,2,63.25,56.7752,0,0,10.8858
2,46,460,2,63.25,57.8826,0,0,11.0738
2,46.1,461,2,63.25,59.0129,0,0,11.3031
2,46.2,462,2,63.25,60.164,0,0,11.5108
2,46.3,463,2,63.25,61.3434,0,0,11.7945
2,46.4,464,2,63.25,62.5473,0,0,12.0386
2,46.5,465,2,63.25,63.7705,0,0,12.2321
2,46.6,466,2,63.25,65.0201,0,0,12.4964
2,46.7,467,2,63.25,66.2976,0,0,12.7752
2,46.8,468,2,63.25,67.5923,0,0,12.9462
2,46.9,469,2,63.25,68.8954,0,0,13.0312
2,47,470,2,63.25,70.1881,0,0,12.9275
2,47.1,471,2,63.25,71.4847,0,0,12.9655
2,47.2,472,2,63.25,72.7765,0,0,12.9179
2,47.3,473,2,63.25,74.0737,0,0,12.9726
